CommentId,VideoId,Text,Likes
UgzarqjaaPC7TbFINNx4AaABAg,dQw4w9WgXcQ,1 billion views for never gonna give you upÂ  amazing crazy wonderful rick ,1376633
Ugy20HOnmWIO2LUghyd4AaABAg,dQw4w9WgXcQ,thank god it39s still here,79
Ugwfv5qd4ZSxEGoW1VF4AaABAg,dQw4w9WgXcQ,      ,20
UgxUF8ISoEJW5bIoRg94AaABAg,dQw4w9WgXcQ,with all the posts going around saying this videos gone theyre rick rolling the internet once again rick is taking over again,20
UgwwRpHM9sa2cDDDdcx4AaABAg,dQw4w9WgXcQ,   cs2,16
UgywP7-zb6GJlmAs26F4AaABAg,dQw4w9WgXcQ,unlike google xscreensaver will never run around and desert you,14
Ugy6SPlM89oPuv-pasd4AaABAg,dQw4w9WgXcQ,   ,12
UgzmYJRaTqYbEM-QIIh4AaABAg,dQw4w9WgXcQ,aside from being rickrolled this song never gets old,12
UgxUFu_zsmr9iuwsHQl4AaABAg,dQw4w9WgXcQ,  2 ,12
UgxM-5xwwFMzsxRKoBt4AaABAg,dQw4w9WgXcQ,anyone else here fromquotthis video has been removed by the creatorquot trend on social media,12
UgwnIkUaByV84ij_dLl4AaABAg,dQw4w9WgXcQ,    ,11
UgxZKKK9uAs8cjFxnOJ4AaABAg,dQw4w9WgXcQ,anyone came here after hearing this vedio is taken down ,11
UgwZo1ep1R3ooYXrILV4AaABAg,dQw4w9WgXcQ, 1010,11
Ugz2AGAgmdkt0SEeu_B4AaABAg,dQw4w9WgXcQ,thank godi thought it got removed,9
Ugz5csJ-6qC7vGq_ihB4AaABAg,dQw4w9WgXcQ,  2   ,9
Ugy6K4CndMcKXEeaMYl4AaABAg,dQw4w9WgXcQ,song  37 years agobrvideo  14 years agobrcomments  1 second ago,7
UgymcGLSwf0DlFCIj7B4AaABAg,dQw4w9WgXcQ, ,7
Ugwuj3v4UD2MGSV4srd4AaABAg,dQw4w9WgXcQ,the song hadn39t been taken downbrbrrick was never gonna give us up that easily,7
UgzGC_BwJTP7LoiZFKB4AaABAg,dQw4w9WgXcQ,probably the only times we were rick rolled and thankful for it,6
Ugyp-0nzW80j35AaxDx4AaABAg,dQw4w9WgXcQ,anyone here june 2024 ,6
Ugw3HvvOm5Iun30K5g54AaABAg,dQw4w9WgXcQ,the reason why i am offically scared of outlook and chrome music lab,5
UgwcZxmjkg4eLdDM9OV4AaABAg,dQw4w9WgXcQ,i came here by myself,5
UgxADIa5ur5x4mwKL-94AaABAg,dQw4w9WgXcQ,we got rickrolled again,4
UgylunpCAqXOiWuJv7J4AaABAg,dQw4w9WgXcQ,did we all js get rick rolled thinking it got deleted,4
Ugys26Cau6gYPZ-X6gx4AaABAg,dQw4w9WgXcQ,anyone watching in 2024br,4
UgxEUl-rZfBKPotittB4AaABAg,dQw4w9WgXcQ,let me guess you came here because they said the vid was removed brightb ,4
UgywLGB3-DbqGhMo3vd4AaABAg,dQw4w9WgXcQ,wait where39s my free robux,4
UgxN51X2p3U-7NQNfJ54AaABAg,dQw4w9WgXcQ,the viral post about this being taken down is literally a diy rickroll lmao,4
UgyIV8akKefNJWLHgIl4AaABAg,dQw4w9WgXcQ,this guy has the voice of an angel i dont care what anyone says he has that blue eye blues voice like the righteous brothers,3
Ugx9H8o3V3qpxeE4Zht4AaABAg,dQw4w9WgXcQ, his voice is incredible,3
Ugx3z_YjR5dwLYitnat4AaABAg,dQw4w9WgXcQ,got rickrolled cus k thought it got removed,3
Ugz86xeFfryPdZ7vkyp4AaABAg,dQw4w9WgXcQ,anyone in 2024 ,3
UgyvkeByDYVGEBhNrK94AaABAg,dQw4w9WgXcQ, br ,3
Ugx5ktC2qJ-cZzTUKbN4AaABAg,dQw4w9WgXcQ,my husband told me that the video got removed and insisted that i go search the song on here to get more information i knew very well what he was trying to do but ended up here anyway hes lucky i love him ,3
UgzBreoMKYJ5oVZvHCR4AaABAg,dQw4w9WgXcQ,hairstyle989 you tricked me,3
UgzIboK5jihJJLnsE1B4AaABAg,dQw4w9WgXcQ,fuck that whos posting that this video has been removed ihve been rick rolled many times but this one was obvious still i searched and played it,3
Ugyigw-Qis9BSwwPSYx4AaABAg,dQw4w9WgXcQ,for the first time i39m happy getting rickrolled  this video is still here,3
UgzuxRo4x1afnkENLBl4AaABAg,dQw4w9WgXcQ,this is the only youtube video where everyone has bothered to memorize the link,3
UgyiQHSFe_eWd0x1K-B4AaABAg,dQw4w9WgXcQ,who else came here just to check if this video was quotdeleted by the userquot,3
UgxHg3qNdMBp5EwDu5t4AaABAg,dQw4w9WgXcQ,    ,3
UgyZNENucQJmDUt9Fsh4AaABAg,dQw4w9WgXcQ,im here  from faline san39s face reveal link,3
UgwhQ1v31HyV59glLo54AaABAg,dQw4w9WgXcQ,this video will never stop growing in views,3
Ugy5IL3G566s7iQhWzd4AaABAg,dQw4w9WgXcQ,anyone here after the this video has been removed meme,3
UgzLJoxwIIunrewkvn94AaABAg,dQw4w9WgXcQ,who else thought this video was taken down,3
UgyCiyEKbwMl1v5-I6F4AaABAg,dQw4w9WgXcQ,this time i didn39t came from any linksbri came because i love this song,3
UgziCTdwz1sdX5V7AyR4AaABAg,dQw4w9WgXcQ,nahhbrthey just rick rolled me again ,3
UgxGIzZBC0t83aHFbc14AaABAg,dQw4w9WgXcQ,,3
Ugw-Y0BYeM9Twfzx2jx4AaABAg,dQw4w9WgXcQ,yet again i was rickrolled quotyoutube finally took it down after 14 yearsquot ,3
Ugy1oK3oxsOtEtxvFRR4AaABAg,dQw4w9WgXcQ,i mean this goes hard fr,3
Ugx1z8r8P7bBwvePz3p4AaABAg,dQw4w9WgXcQ,18062024,3
Ugx1HcoR2uaK4pMVBI94AaABAg,dQw4w9WgXcQ,i didn39t get rick rolled i searched this song,3
UgwnWCvc9Jcilcj5IWh4AaABAg,dQw4w9WgXcQ, br,3
Ugx9WZug6tCRjU04-DV4AaABAg,dQw4w9WgXcQ,that fucking post actually made me check the video xd fucking best rick roll ever,2
UgwiaWTHE9zGQryvM-54AaABAg,dQw4w9WgXcQ,you just willingly got rickrolledbrhow do you feel,2
Ugyxqfw5-x4ErGEFKI54AaABAg,dQw4w9WgXcQ,whos here in 2024  ,2
UgwgLgSihDSYMTONyEJ4AaABAg,dQw4w9WgXcQ,if gta iv never existed,2
UgzJhYqJCbqLajJHG_F4AaABAg,dQw4w9WgXcQ,a guy from the wwe clash at the castle rick rolled me,2
Ugymv4yOgk8OKETsDz94AaABAg,dQw4w9WgXcQ,nah i39d win,2
Ugy08tHYWkO5IwtsJGN4AaABAg,dQw4w9WgXcQ,chatgpt gave me this video lol,2
UgzoZ_Nx0EHAWsdQ0kx4AaABAg,dQw4w9WgXcQ,finally i am the meme,2
UgyQ0jeUigq1-uyUYOh4AaABAg,dQw4w9WgXcQ,not me getting rick rolled ,2
Ugw8g-4VVAxsUmbt1G94AaABAg,dQw4w9WgXcQ,maravilloso esta joya sigue aqubry de paso me rickrollearon,2
UgzHu56p9v5vyIq-CuN4AaABAg,dQw4w9WgXcQ,the take down meme got us all ,2
Ugwi4uyB1pn7JoG0dDJ4AaABAg,dQw4w9WgXcQ,awh nuts not again,2
UgymN9MMqLWfUtmhC1R4AaABAg,dQw4w9WgXcQ,damn everyone got rick rolled again due to takedown meme ,2
UgxyylwyT3e3kWpHNUR4AaABAg,dQw4w9WgXcQ,never felt so happy after getting rick  rolled after seeing the viral post of this being taken down ,2
UgzyJ2WmdDsZlBMouMB4AaABAg,dQw4w9WgXcQ,thought the video got removedthank god this master piece is still around,2
UgwHFjsjYg4Z0Pptlw54AaABAg,dQw4w9WgXcQ,2024 anyone,2
UgwlAMOC1SQ-mXWUPu94AaABAg,dQw4w9WgXcQ,knp nyampe sin jirrr,2
Ugwe1v1rFCQfbw2j-jh4AaABAg,dQw4w9WgXcQ,ez,2
UgxrYEPNsdNPoUq9CSt4AaABAg,dQw4w9WgXcQ,  br       brbr    ,2
UgzaDR87LfjqI062dc54AaABAg,dQw4w9WgXcQ,,2
UgyXY08Fy_jNDmczEZJ4AaABAg,dQw4w9WgXcQ,alguien que hable espaol viendo el rick roll ,2
UgwurDAUzt9goDhPZXF4AaABAg,dQw4w9WgXcQ,hey wheres my free robux,2
UgyWY6dk2Rt2RjgtHLF4AaABAg,dQw4w9WgXcQ,who watch in 2024br,2
UgwYSzEUjwCZvyzhFyV4AaABAg,dQw4w9WgXcQ,papermc announcement hate you kenny,2
UgwciV2tB1uvTC51K5d4AaABAg,dQw4w9WgXcQ,     goodwin,2
UgzgsWXD91XIuBbw9DV4AaABAg,dQw4w9WgXcQ,i got gotten,2
Ugx21XdbBnZeHG6k2Qh4AaABAg,dQw4w9WgXcQ,i got fucking rickrolled by chat gpt,2
UgyYXVC0lCBQADc4j1Z4AaABAg,dQw4w9WgXcQ,i bet they never thought this would have 1billion views when they released it lol brbralso this song unironically slaps ,2
UgxuDExYspa_rIbrTw14AaABAg,dQw4w9WgXcQ,2024 ,2
UgwSZgnXr7topbOIQGJ4AaABAg,dQw4w9WgXcQ,hey rick i know youll never see this but on april fools each year it would be amazing if you could change the title and thumbnail so we could all rickroll each other,2
UgxRsO9cncK30yUbIfp4AaABAg,dQw4w9WgXcQ,i got rickrolled by chatgpt,2
Ugw5gSIu-QQcGItC9kR4AaABAg,dQw4w9WgXcQ,this song is the one i have the most love and hate,2
Ugx0WyBml37DFWGvR514AaABAg,dQw4w9WgXcQ,chat gpt what the hell,2
UgzdL5HIp_bM9x8zbuJ4AaABAg,dQw4w9WgXcQ,anyone here from the amazing kitboga39s page ,2
UgwY-4UBiNz3ItGFOVV4AaABAg,dQw4w9WgXcQ,wow it39s still here,2
Ugw9OiBTKlRNsaNUsXt4AaABAg,dQw4w9WgXcQ,you know you39ve been rickrolled to much when you39ve memorized the link,2
UgxYdOvFwGWK_OOMuuR4AaABAg,dQw4w9WgXcQ,just checking its still herethank god,2
UgzONbO79eztB_a5yZd4AaABAg,dQw4w9WgXcQ,bruh that twitter guy rick rolled me,2
Ugy1imXpe14gbKQ6UJF4AaABAg,dQw4w9WgXcQ,get rickrolled lol,2
UgyUbPixuRz88Yvy3pd4AaABAg,dQw4w9WgXcQ,who39s here because got rickrolled by chatgpt ,2
UgzGl-c9sElzMhl2oZd4AaABAg,dQw4w9WgXcQ,social media got us rickrolled by telling that this got removed,2
Ugzd7BTBEq9OfiWppO94AaABAg,dQw4w9WgXcQ,anyone else here come to check whether this video has been deleted from the quotthis video has been removedquot post ,2
UgxtJgH-j2oq8BjETkN4AaABAg,dQw4w9WgXcQ,alrighty here i am because i scanned a qr code on someone39s shirt,2
UgwLf1RQJXgAgx0cHwx4AaABAg,dQw4w9WgXcQ,anyone here in 2024 ,2
UgxO6UCBGTlbuD_LUhZ4AaABAg,dQw4w9WgXcQ,never gonna give you up,2
Ugzqzhn9vigVXkjlrcV4AaABAg,dQw4w9WgXcQ,omg one billion,2
UgwV9UX_XZJqOLqlkcB4AaABAg,dQw4w9WgXcQ,damn it janet i fell for the removed prack aurrrgghhh ,2
UgwCDEpGoDlfLQ7OmXV4AaABAg,dQw4w9WgXcQ,damn came here after quotyoutube took it downquot meme and got rickrilled im glad i fell for itbrfelt nostalgic for a sec had to check comments to doublecheck ive been rick rolled,2
UgzAkujHAgvQH2MhsRN4AaABAg,dQw4w9WgXcQ,the rick roll meme,2
Ugyn2uNlj_Jbdj4vSpB4AaABAg,dQw4w9WgXcQ,shit they got me again came to check if they removed it damn it,1
UgzQiAqcpHPFq2dxaVh4AaABAg,dQw4w9WgXcQ,anyone 2024,1
UgzFyhcz7gD-ulIUtDN4AaABAg,dQw4w9WgXcQ,damn i thought quotthis video has been removedquot is real,1
UgyX3tUMNIW3FFrcJix4AaABAg,dQw4w9WgXcQ,nnnnnnnnnnnooooobrbrbrbrbr,1
UgyXTZgJf5iC7Ybg1WB4AaABAg,dQw4w9WgXcQ,came here after looking at a post that it was deleted thank god i got rickrolled,1
UgzNrlt1yXWUPCv3Q5F4AaABAg,dQw4w9WgXcQ,me whos just here because i haven39t listened to this in a long time also i didnt even know someone said this video was removed,1
UgxNP7KIWD20IKlIPnF4AaABAg,dQw4w9WgXcQ,but linc sayd fre monee,1
Ugw-NjJEN_k06YD8QEt4AaABAg,dQw4w9WgXcQ,getting rick rolled by fake quotthis video has been removed by the userquot news feels wholesome ,1
Ugw_NvSAIxURxQgfRfN4AaABAg,dQw4w9WgXcQ,its been like a month since i been rickroled and i just put my music playlist and i rickroll my selfbrbri love  this song ,1
UgzuclKj1mkx_LYjp6x4AaABAg,dQw4w9WgXcQ,i fucking hate that i fell for that shit ,1
UgyHOwAT49dJuqdagWV4AaABAg,dQw4w9WgXcQ,noooooooo,1
UgyiTPKliR_fquWtZfh4AaABAg,dQw4w9WgXcQ,i scan the code that code from among us game and i found ,1
Ugx4nSpkM-qBPgM28Dt4AaABAg,dQw4w9WgXcQ,whos from the h1t1 vid,1
UgxMY5dYvWiToMAqScl4AaABAg,dQw4w9WgXcQ,damn i just rick rolled myself by checking to see if the song was still here cause a post said it wasnt,1
Ugz7hwm5tO6T2WAIdPx4AaABAg,dQw4w9WgXcQ,watch as this hits 2 trillion views tommorow,1
UgymHbOGeL9rD7y9uk14AaABAg,dQw4w9WgXcQ,14 years have passed but i listen to it like 1 time,1
Ugx4B1XVULACLaeuGwl4AaABAg,dQw4w9WgXcQ,congratulations on breaking 10000 years of play time,1
UgyZ9lTg6aJj1qOrQxF4AaABAg,dQw4w9WgXcQ,i39m here because my wife send me a qr code and tell me to scan it  love her still though ,1
UgzLU5GwewsDgeF9tJJ4AaABAg,dQw4w9WgXcQ,i came from the free drummers tips of link,1
UgxZphCVdpyooAcomAp4AaABAg,dQw4w9WgXcQ,fuck that this video was removed dude,1
UgxFQNUyJ_RCWwGWsup4AaABAg,dQw4w9WgXcQ,can39t believe i got rickrolled by the hoax saying this video got removed ,1
UgwWgTBhQGFB8Op5OTR4AaABAg,dQw4w9WgXcQ,qr code on sky ,1
Ugwf06vlx_-fT3kwmn14AaABAg,dQw4w9WgXcQ,i came her from jacksucksatstuff to get a diamond playbutton,1
Ugy4ikPbfmDp2Bo_FzB4AaABAg,dQw4w9WgXcQ,2024,1
Ugwdhh1YWCNHGTgBYQx4AaABAg,dQw4w9WgXcQ,bruh chatgpt brought me here,1
Ugxo6Ii0ZFp2SB0zx8h4AaABAg,dQw4w9WgXcQ,you won39t believe but i literally cried when i heard about the rumour this was not available anymore ,1
Ugypz76_bZDtkJmShax4AaABAg,dQw4w9WgXcQ,god damm qr code,1
UgzR2NfxtDz-fI0osCV4AaABAg,dQw4w9WgXcQ,when i saw the image of the video being removed i dont know why but i got scared for all those people who made the link a qr tattoo i mean that would have been scary specially for them ,1
UgxU3qrOR7T6cTMjTt14AaABAg,dQw4w9WgXcQ,falei pro chat gpt escrever um link aleatrio do youtube e sempre ca nessa pegadinha,1
Ugxyc0Tuks7Z15bXrJ14AaABAg,dQw4w9WgXcQ,don39t rickroll me,1
Ugwt88Ww5Z3OJqebM-l4AaABAg,dQw4w9WgXcQ,rick roll feels nostalgic now,1
UgxPCOUQwPzNC133vjZ4AaABAg,dQw4w9WgXcQ,i knew the this video has been removed post was a rick roll and still came here to rick roll myself,1
UgynyA8ZzUuPd7IPEJV4AaABAg,dQw4w9WgXcQ,i just love copying the url of this video wherever i choose and cause many rage quits,1
UgzGs-Muhak9MIIVAVx4AaABAg,dQw4w9WgXcQ,yes ferrari wins again the 2024 24 hours of le mansbrse you in 2025 24 hours of le mans,1
UgzaBGDKJfoq8lB6ku14AaABAg,dQw4w9WgXcQ,wow best sing what i listen,1
UgyCRIKlzj3tUPHhXJl4AaABAg,dQw4w9WgXcQ,who39s here because of the viral video about the removal of this video,1
Ugzxy3oVXsLjnSG1Hv54AaABAg,dQw4w9WgXcQ,timeless treasure,1
UgyLCLx3mok4qehwsNR4AaABAg,dQw4w9WgXcQ,banger song tho ,1
Ugzx9YLOC_zQRLw2ctZ4AaABAg,dQw4w9WgXcQ,whoever has this on their playlist  please click,1
Ugx-xH8Uj3S69jvzM2t4AaABAg,dQw4w9WgXcQ,gae,1
UgwfeHRmvmRlTh7Lqfp4AaABAg,dQw4w9WgXcQ,ricroll,1
UgwDOhlQWRb0Qf6nw3d4AaABAg,dQw4w9WgXcQ,massive rick roll because of the viral post ,1
Ugy81x5cAVHqCqi4TMF4AaABAg,dQw4w9WgXcQ,i39ve never been so relieved to get rick rolled this video shall outlive us all,1
UgylwIT0MHs9em7A4Fp4AaABAg,dQw4w9WgXcQ,i always rick roll my friends lol,1
UgzwK68rzjAjVN3xRTt4AaABAg,dQw4w9WgXcQ,000   ,1
UgygR-5wmzM_hElOs4J4AaABAg,dQw4w9WgXcQ,nobody is rickrolling me uff fine ill do it by myself,1
UgxQxFzNcabFV9r9QqB4AaABAg,dQw4w9WgXcQ,a rick rolled my brother playing the song,1
Ugyi2P7TRsH-2iLecAV4AaABAg,dQw4w9WgXcQ,id and the same as you might be interested and i ,1
UgwWjple_eRSVqkk_NZ4AaABAg,dQw4w9WgXcQ,fun fact if you ask gpt chat to give you a random link to a youtube video it will bring you to this video,1
UgxoW3rbA75z7xSJ6U54AaABAg,dQw4w9WgXcQ,how tf have i never seen this i feel like dorothy  been depressed all these years when all i had to do was click my heels three times ,1
UgzrVj2gkBHIkRUzKYZ4AaABAg,dQw4w9WgXcQ,i got rickrolled by my mix,1
UgyTTZX1hoWwGt9gF9l4AaABAg,dQw4w9WgXcQ,bro they rick rolled us again,1
Ugz05U9beTyUgQNLR_d4AaABAg,dQw4w9WgXcQ,pedi pro chat gpt me levar para um link aleatrio do youtube e ele me levou pra ca chat gpt desgraado,1
Ugyl-_lFzcKnyQIFgcF4AaABAg,dQw4w9WgXcQ,bro i asked chatgpt to give me a random youtube link and it brought me here lol,1
Ugz2j9N_B_ipfSxJs_Z4AaABAg,dQw4w9WgXcQ,chat gpt just rickrolled me,1
Ugx-STQtrwKLihyk7ml4AaABAg,dQw4w9WgXcQ,in 17th june 2024 when i heard this song i found my entire energy for dance really old is gold,1
UgwWueoSuN2wgL-oHXZ4AaABAg,dQw4w9WgXcQ,1987 the king of meme is born,1
UgxRdNS8ycDZ-v6KKmx4AaABAg,dQw4w9WgXcQ,we got rick rolled by the post of some random person,1
Ugzy43Bz6JX8A1JvZNF4AaABAg,dQw4w9WgXcQ,day 1084 of getting rickrolled everyday,1
UgxnG4neKvi-6MvqIVh4AaABAg,dQw4w9WgXcQ,i got here because a programmer posted his contacts and there39s an onlyfans pagebri got curious,1
UgxszHm_INF01mEklbF4AaABAg,dQw4w9WgXcQ,you probably came from that quotthis video has been removedquot screenshot,1
UgwwbfmHHwfJ7bSo7kd4AaABAg,dQw4w9WgXcQ,video removed going around twitter and facebook and yep got rick rolled least its still up,1
UgwohXmc4y7vht1zPzt4AaABAg,dQw4w9WgXcQ,c ai ngi vit nam  y khng ,1
UgwG9mD631tnBUicthp4AaABAg,dQw4w9WgXcQ,rick roll hehehe,1
Ugw88z-TrIHFTDau8W14AaABAg,dQw4w9WgXcQ,who got jickrolled,1
UgwVWwrqQAlmviPL2354AaABAg,dQw4w9WgXcQ,rick rolled again lol,1
Ugws4PdsHRngE37UdqV4AaABAg,dQw4w9WgXcQ, ,1
Ugy-zPa4jCdhrQaurCl4AaABAg,dQw4w9WgXcQ,a href,1
UgwcE_ooFrKo2ge1j9B4AaABAg,dQw4w9WgXcQ,who was here because of a school friend,1
UgzhdJUk7XxCzNrHQ0J4AaABAg,dQw4w9WgXcQ,lol got rick rolled again ,1
UgzfIcxDo5s1bZcRU3V4AaABAg,dQw4w9WgXcQ,but likn seyd fre robust,1
Ugy6EC4lKJ2iF-m-zjJ4AaABAg,dQw4w9WgXcQ,i  scanned a qr code that someone built i minecraft,1
Ugzl2I-bt4-RYhvnGth4AaABAg,dQw4w9WgXcQ,i have been rickrolled so many times i didnt know i would get rick rolled by chatgpt and here39s how i got rick rolled by itbrsend me a random youtube linkbrchatgpt here is a random youtube link,1
Ugxo8ypkh-CzXPf-6Nh4AaABAg,dQw4w9WgXcQ,who is here afther 14year    15b viewsbr,1
Ugy9iTUVXNSRngI68-t4AaABAg,dQw4w9WgXcQ,no one ever talks about how cute he is in this video ,1
UgyIHIxuLjAR7QGOIfx4AaABAg,dQw4w9WgXcQ,people who got rickrolled because of it quotgetting deletedquot good job thats the last time your getting rick rolled,1
UgxMDB-hwo3uGJRA9xp4AaABAg,dQw4w9WgXcQ,um,1
Ugw7X4wTLCSl_p8p90N4AaABAg,dQw4w9WgXcQ,i got rick rolled,1
UgweiUiCvg9RjK8fQod4AaABAg,dQw4w9WgXcQ,you39vebrbeenbrrickrolled,1
Ugzdmnc5W3p9G2dh1ap4AaABAg,dQw4w9WgXcQ,i got this from gd demon list ,1
Ugxy9BqFIEUiI6zDpxR4AaABAg,dQw4w9WgXcQ,    ,1
Ugw8uNiJpaB2Wsoi0bR4AaABAg,dQw4w9WgXcQ,has anyone else scanned the qr code that appeared on wwe39s clash at the castle ppv xd,1
Ugy0oWMhN4V03xNT7ih4AaABAg,dQw4w9WgXcQ,we39re no strangers to lovebryou know the rules and so do i do ibra full commitment39s what i39m thinking ofbryou wouldn39t get this from any other guybrbri just wanna tell you how i39m feelingbrgotta make you understandbrbrnever gonna give you upbrnever gonna let you downbrnever gonna run around and desert youbrnever gonna make you crybrnever gonna say goodbyebrnever gonna tell a lie and hurt youbrbrwe39ve known each other for so longbryour heart39s been aching but you39re too shy to say it say itbrinside we both know what39s been going on going onbrwe know the game and we39re gonna play itbrbrand if you ask me how i39m feelingbrdon39t tell me you39re too blind to seebrbrnever gonna give you upbrnever gonna let you downbrnever gonna run around and desert youbrnever gonna make you crybrnever gonna say goodbyebrnever gonna tell a lie and hurt youbrbrnever gonna give you upbrnever gonna let you downbrnever gonna run around and desert youbrnever gonna make you crybrnever gonna say goodbyebrnever gonna tell a lie and hurt youbrbrwe39ve known each other for so longbryour heart39s been aching but you39re too shy to say it to say itbrinside we both know what39s been going on going onbrwe know the game and we39re gonna play itbrbri just wanna tell you how i39m feelingbrgotta make you understandbrbrnever gonna give you upbrnever gonna let you downbrnever gonna run around and desert youbrnever gonna make you crybrnever gonna say goodbyebrnever gonna tell a lie and hurt youbrbrnever gonna give you upbrnever gonna let you downbrnever gonna run around and desert youbrnever gonna make you crybrnever gonna say goodbyebrnever gonna tell a lie and hurt youbrbrnever gonna give you upbrnever gonna let you downbrnever gonna run around and desert youbrnever gonna make you crybrnever gonna say goodbyebrnever gonna tell a lie and hurt you,1
Ugxp6ql601a32BHFwVN4AaABAg,dQw4w9WgXcQ,let39s be real even when we know for a fact a vid is a rickroll we all still click,1
UgwJZrUCoGhc-4zLofh4AaABAg,dQw4w9WgXcQ,i dunno what else i expected,1
UgxYxh49lGzPuCqDzkN4AaABAg,dQw4w9WgXcQ,,1
Ugz45v1vZHacUdiO3rZ4AaABAg,dQw4w9WgXcQ,double ads kind of make this impossible nowadays ,1
UgwWNPFeLKvKQuayTZ14AaABAg,dQw4w9WgXcQ,jk ,1
UgxohK3T24zNxIt9oVF4AaABAg,dQw4w9WgXcQ,the funny thing is that you literally got rickrolled,1
UgwidzbCxpFkFrh7rZR4AaABAg,dQw4w9WgXcQ,here from the drone guy,1
UgxUXUIpLnny32xdXP94AaABAg,dQw4w9WgXcQ,have you guys seen the sheer monster of a view count this video has now holy fuck i don39t think i39ve ever seen a 10 digit view count before like damn,1
Ugz89X_LS7_SzSJ52a14AaABAg,dQw4w9WgXcQ,welp ill be damned f thats a new way to get rick rolled,1
UgxhpM91mNDdg_znluh4AaABAg,dQw4w9WgXcQ,probably the most copied link,1
UgzjN4HAiQ3VlyrC5rp4AaABAg,dQw4w9WgXcQ,no se como ha sido posible esto una ia de cia me mando el link de este video,1
Ugyu1uCYKEcNM9-6_kt4AaABAg,dQw4w9WgXcQ,siapa yang sedang mengscan barcode alonami bang windah,1
UgysMTPrrtv-0d52fZt4AaABAg,dQw4w9WgXcQ,anyone2024,1
UgzfwXx6WAs0cQfq64Z4AaABAg,dQw4w9WgXcQ,bruh oh really,1
Ugz93558rodrJGDITeB4AaABAg,dQw4w9WgXcQ,so basically i rick rolled myself bniceb,1
Ugy9TBS1aj-R8nvWEeJ4AaABAg,dQw4w9WgXcQ,lmaooo is anybody here from kitbogas video,1
UgzUNdy9qPO-fUDFMn94AaABAg,dQw4w9WgXcQ,fui rickrolleado por la biblioteca pblica de springfieldbut i like it,1
UgzStY4HG0zTpp4m8bV4AaABAg,dQw4w9WgXcQ,we have seen that this video was removed by the user and gor rickrolled brotha,1
UgyX7yvaNQRQtPFRkxB4AaABAg,dQw4w9WgXcQ,   a hrefuckszu2wh9gy1mb0dv11ujgw8ifybwafipq7ipvnca2aua,1
UgzjOoh9QlCSZMsjXEt4AaABAg,dQw4w9WgXcQ,i got rickrolled by stalker efp and anomaly,1
UgzaSTxr5vXwqu5_KZx4AaABAg,dQw4w9WgXcQ,i will only allow being rick rolled this once thank god the song is still up,1
UgzgUoDVaORtaCpzNbR4AaABAg,dQw4w9WgXcQ,did i really get rickrolled if i knew the video wasnt taken down and just searched up so i could listen to it,1
UgzdjObzLJXjMMn1DMV4AaABAg,dQw4w9WgXcQ,i came from the email qrcode in the quotan elmwood trailquot game,1
UgyZ-5AZZAnbcf0DB_54AaABAg,dQw4w9WgXcQ,absolute emotion,1
UgyW3Qs-4q6OZU2Y4PV4AaABAg,dQw4w9WgXcQ,so the removed bait is the one last big roll,1
Ugx34iLBKntU7IwJ-Ql4AaABAg,dQw4w9WgXcQ,quem a veio pelo chat gpt,1
UgzihvbB822jQ-6kWqt4AaABAg,dQw4w9WgXcQ,ads should be illegal on this video,1
UgxgM6Vav7QPceL7ONR4AaABAg,dQw4w9WgXcQ,noo otra ves nooooo,1
UgxF0joksPpwK_MX4H54AaABAg,dQw4w9WgXcQ,this man is a money making mastermind get your bag big dawg,1
UgwkWt8JjNqb_qC1dRB4AaABAg,dQw4w9WgXcQ,,1
UgwgsoIfdqY3BUQm7Kd4AaABAg,dQw4w9WgXcQ,got darn it didn39t think i39d get rick rolled into the news that this videos got taken down,1
UgzqHU0vusgFF5iRs5B4AaABAg,dQw4w9WgXcQ,anyone else here from social media because they thought the video has been removed from youtube,1
UgyKhlA-CxpQqlxeJVV4AaABAg,dQw4w9WgXcQ,hola noinvestigues,1
UgxQpk6nrsM73lnfLEt4AaABAg,dQw4w9WgXcQ,i was on cornhub and it said free corn game play now and i clicked iti got rickrolled,1
Ugxc8kxVB8URKeHSx314AaABAg,dQw4w9WgXcQ,at a href i get rickrolled,1
UgxYxJpYYpoohTaxCY54AaABAg,dQw4w9WgXcQ,aint no way i got rickrolled by chatgpt,1
Ugwk8Qo-O7ULxc3Z_v94AaABAg,dQw4w9WgXcQ,never gonna stop listening to this music,1
Ugz5KaZfF-nj9UhUZGh4AaABAg,dQw4w9WgXcQ,           ,1
UgyLe3bHAnr0uCg4qQd4AaABAg,dQw4w9WgXcQ,potato this best,1
Ugyo4fyzsEjpEu3u-f14AaABAg,dQw4w9WgXcQ,ill not ask a youtube video to chatgpt again,1
UgwpxL0xe5ExXLjB2KR4AaABAg,dQw4w9WgXcQ,this is legendary meme tbh,1
UgzfqZOl5dEuhsVuKZd4AaABAg,dQw4w9WgXcQ,me trollearon ,1
UgxuTGVFxHhHpG1aQ0t4AaABAg,dQw4w9WgXcQ,bilibili,1
UgzYrlEQFl6DEy2AcPJ4AaABAg,dQw4w9WgXcQ,i guess he really will never give us up let us down run around and desert us never gonna make us cry never gonna say goodbye never gonna tell a lie or hurt us thank god this is actually still here t39was just a joke,1
UgwoQUXhVWq9FPpK4yt4AaABAg,dQw4w9WgXcQ,br,1
Ugzvy4wtaBCWAcGoLU14AaABAg,dQw4w9WgXcQ,xscreensaver rickrolled me,1
UgyWooyA3UW2nv_Fzod4AaABAg,dQw4w9WgXcQ,here to claim my rick roll trophy,1
Ugz8EqJkFhp9w5zdw314AaABAg,dQw4w9WgXcQ,wait,1
Ugwxdn9gqrrmohdM69h4AaABAg,dQw4w9WgXcQ,dammit i was tricked into thinking it was removedwell played,1
Ugw0yXbLFNIiHlLUPll4AaABAg,dQw4w9WgXcQ,i somehow showed up here because of a qr code on the side of a van in fh5,1
UgxfnPsYzYxHU64gOvB4AaABAg,dQw4w9WgXcQ,who else is here because quotwhy notquot,0
Ugx_soaa-ct817v39bZ4AaABAg,dQw4w9WgXcQ,  i gay,0
UgzNEabxD5EBC5wpfmN4AaABAg,dQw4w9WgXcQ,the quotvideo removedquot is the ultimate 200iq rick roll what a great time to be alive,0
UgyomjGVZeaip1C4IqV4AaABAg,dQw4w9WgXcQ,god this is crazy i thought rickroll was removed and i wouldn39t be able to rickroll people anymore,0
UgyH86BTrllJ_enHlk54AaABAg,dQw4w9WgXcQ,,0
UgziwjqQ65gxBNTYfdN4AaABAg,dQw4w9WgXcQ,oh my gosh  i so love this cute guy and those signature dancesteps,0
UgzyqWHV8zKmH0LBr8h4AaABAg,dQw4w9WgXcQ,beluga are right this is rickroll link,0
UgzYwzWjfZnHAXXoLv54AaABAg,dQw4w9WgXcQ,did i just got rickroled,0
UgwbGSwsBt1Q6s9AehN4AaABAg,dQw4w9WgXcQ,i got tricked,0
UgwrZlKZ2lQL1u1tIOZ4AaABAg,dQw4w9WgXcQ,carllllllllllllllllll,0
UgwjnbsS178y3K2TlYl4AaABAg,dQw4w9WgXcQ,this song is part of history it should stay,0
Ugzp_jEAqxkg1EpuBoB4AaABAg,dQw4w9WgXcQ,love you rick,0
UgxNqXZVL0cBJUxa2Nt4AaABAg,dQw4w9WgXcQ,i39m watching beluga andbrthis,0
Ugye3INYuTpJVJedVXx4AaABAg,dQw4w9WgXcQ,a href,0
UgxvbOt5XdHjL0m8O554AaABAg,dQw4w9WgXcQ,turn into poland,0
Ugx166Hsq5a_4lz89-14AaABAg,dQw4w9WgXcQ,a href,0
Ugykd13W-MsHnTe5iep4AaABAg,dQw4w9WgXcQ,was scrolling through youtube music quotsamplesquot and this popped up,0
UgxOaqdHaER6U7OsLxB4AaABAg,dQw4w9WgXcQ,if this video gets removed i will delete youtube  because without this youtube is incomplete,0
UgxXA4wWzCZNdH796KB4AaABAg,dQw4w9WgXcQ,peak youtube absolute peak i dont watch this video because of the memes i actually likw this song ,0
Ugys8YwCFp6DjHx-EDV4AaABAg,dQw4w9WgXcQ,   ,0
UgwLQ6Nu7Af5-7jv0sR4AaABAg,dQw4w9WgXcQ,chat gpt rick rolled me wtf,0
Ugx_2Dj35SBBsP6Z7CN4AaABAg,dQw4w9WgXcQ,i singed in front of my track recognizer,0
UgxtFJ5KaRuhTxsFPpp4AaABAg,dQw4w9WgXcQ,a href,0
UgyrTUO0eGOPh7KKZ_B4AaABAg,dQw4w9WgXcQ,,0
UgyyLeqc0BmA9JmzGWp4AaABAg,dQw4w9WgXcQ,i scanned the qr code and send me this ,0
Ugxc0Cpr4AxRrgKlSxR4AaABAg,dQw4w9WgXcQ,kz coin team ,0
UgzPkrAIwnzZfxUXQ7V4AaABAg,dQw4w9WgXcQ,   ,0
UgyAj6F3HBpr_YalyMh4AaABAg,dQw4w9WgXcQ,original rick  roll,0
UgwLS0cuYt-xYz9ZMcx4AaABAg,dQw4w9WgXcQ,bullshit this is no gta6 trailer,0
Ugx1VBiVhyTRar9HLvp4AaABAg,dQw4w9WgXcQ, my cousin rick roll me when i took the mobile,0
Ugy6qtEOIbhIpyMun5Z4AaABAg,dQw4w9WgXcQ,nearly billions of people are rick rolling someone or getting rick rolled i love it,0
UgzHEMrzoSB3rQ7TiER4AaABAg,dQw4w9WgXcQ,i was scrolling facebook when i heard the video was taken down and it played that39s when i knew i was rick rolled that has to be the funniest one yet,0
UgwlTvqtX_cVocRB0dd4AaABAg,dQw4w9WgXcQ,what i saw before my eyes is i thought this was actually removedbri just got trolled,0
UgyqUkHvxnnebNVrb5d4AaABAg,dQw4w9WgXcQ,aint no way i got rickrolled by chatgpt,0
UgwImVWZE2q_VsUefud4AaABAg,dQw4w9WgXcQ,i came here because of the gd demon list,0
UgwNMvG8G6obIn1UG8l4AaABAg,dQw4w9WgXcQ,come to admire    ,0
UgzjG6CEBmYHLcWWwAh4AaABAg,dQw4w9WgXcQ,bruhh i thought it got taken down i just rickrolled my self,0
UgxtGdrQnDNT8zhMbch4AaABAg,dQw4w9WgXcQ,this is the number 1 reason why i have trust issues,0
Ugx6-8FcbwV9QBIuWbZ4AaABAg,dQw4w9WgXcQ,there is so many views that youtube hasnt added billions yet,0
UgzVGASCl6AajK-FAOF4AaABAg,dQw4w9WgXcQ,roses are red violets are blue i just got rick rolled and so did all you  this video will never be removed,0
UgwhxFhSsPGgVevGFCd4AaABAg,dQw4w9WgXcQ,    ,0
UgzfPzoTiFptU5hmlAF4AaABAg,dQw4w9WgXcQ,2024 broo,0
Ugw50YIS0P0P59dS_Ut4AaABAg,dQw4w9WgXcQ,its not even rmved yet tho,0
UgxX6i-t38KA51TlXIB4AaABAg,dQw4w9WgXcQ,wowi feel more great then i thougt,0
UgwamftmahGsV_oXLiF4AaABAg,dQw4w9WgXcQ,i39ve been rick rolled more than i can even count,0
UgwrkpfBP-bUMi2nCit4AaABAg,dQw4w9WgXcQ,i39ve been ricky rolled again in a new way,0
UgwsAf8HK7wiYzapYKF4AaABAg,dQw4w9WgXcQ,i got rick rolled by a  men in black id i got off amazon,0
UgzVuPfYSSmBIGB5yN94AaABAg,dQw4w9WgXcQ,you all just got rick rolled  astley is never gonna give you up,0
UgwkZ5nBRWjFzXyciTZ4AaABAg,dQw4w9WgXcQ,who39s here because chat gpt,0
Ugwyof55a_JHwGxZ24F4AaABAg,dQw4w9WgXcQ,jokes aside this song is actually good,0
UgwlcmVLho2QWoL9H-N4AaABAg,dQw4w9WgXcQ,dqw4w9wgxcqbru cant rickroll me with the link ,0
UgyN4KwpRm-EFKM8mat4AaABAg,dQw4w9WgXcQ,i feel like the whole this video was removed thing was a lie to just get people to check the video effectively rickrolling themselves no,0
UgyYrSHIKZDoF3FCQa54AaABAg,dQw4w9WgXcQ,,0
UgwgAo-UAsu7dT8hH4V4AaABAg,dQw4w9WgXcQ,a href,0
UgzzR44neCdGAbzJuoh4AaABAg,dQw4w9WgXcQ,who39s here because kz team,0
Ugz_XgkvZkZUKTl1UmN4AaABAg,dQw4w9WgXcQ,i39m here of a ai,0
Ugwwi9jPptUGrteVsfN4AaABAg,dQw4w9WgXcQ,,0
Ugz4h1MRJp-jdsCAkPN4AaABAg,dQw4w9WgXcQ,i m listening in 2024,0
UgzxXorfeyy41FiYxCh4AaABAg,dQw4w9WgXcQ,who39s here bc of faline san and other rick rollers,0
Ugwclr9NXZwuwXud-M94AaABAg,dQw4w9WgXcQ,i think i got rickrolled,0
Ugz78qvRoqeLXpfZoZN4AaABAg,dQw4w9WgXcQ,i scanned a qr code and it brought me this video,0
UgwD6wXgfOQAqewb3I94AaABAg,dQw4w9WgXcQ,,0
UgzSe_v3EtFtfI2e51p4AaABAg,dQw4w9WgXcQ,the chat gpt rick rolled me,0
UgyvtxLvTbm4GUamrQB4AaABAg,dQw4w9WgXcQ,and we got rick roll again ,0
UgwOuVZvsEVPB7bc_694AaABAg,dQw4w9WgXcQ,it39s my favourite song ,0
Ugw_GeNi5x7ibKKXpbh4AaABAg,dQw4w9WgXcQ,people who came from spacee,0
UgwJP65YACz3-Aa5eRB4AaABAg,dQw4w9WgXcQ,2024 people here in the party section  ,0
UgzhGj37kkqlpkoci1Z4AaABAg,dQw4w9WgXcQ,rick astley is known by almost everyone for the meme of being rick rolled but he really does have a great voice,0
UgwQDvF_0_P7eesWd6B4AaABAg,dQw4w9WgXcQ,ah shit here we go again ,0
Ugx85-eVfwhmyy0BGC14AaABAg,dQw4w9WgXcQ,jokes on you i actually like this song so any time i get linked it its a great time,0
UgxTD-Ul87JSLQJaWF94AaABAg,dQw4w9WgXcQ,i was on amazon and there was a qr code sticker i found and i scanned it it took me to this,0
UgxlvKUvBZk-zuRNX3p4AaABAg,dQw4w9WgXcQ,i just got rick rolled in 2024,0
UgzI4klTbkOMAZCtu514AaABAg,dQw4w9WgXcQ, ,0
UgzysnQ1UzDx1AUMml54AaABAg,dQw4w9WgXcQ,a href,0
UgzafbFx5DUhUpkVxPV4AaABAg,dQw4w9WgXcQ,don39t worry everyone i am never gonna give yall up,0
UgyOaHKJPWsJky8wfVt4AaABAg,dQw4w9WgXcQ,whos here from the coordinates tumblr post ,0
UgzMkP_-kp_P6PBIYJt4AaABAg,dQw4w9WgXcQ,dudeeeeee they said its shut down but they just rick rolled me,0
Ugxr6Mcn80bQuzBo2HB4AaABAg,dQw4w9WgXcQ,thank god i wad rickrolled,0
UgyrGogZI9aqAZ9Tz2B4AaABAg,dQw4w9WgXcQ,even though all the rick roll memes this is actually a really good song from the 80s,0
Ugx5V_Pzeyi99gNYT0R4AaABAg,dQw4w9WgXcQ,daily reminder that dqw4w9wgxcq should not be followed thanks,0
UgyPww_AK10HEtPaMgt4AaABAg,dQw4w9WgXcQ,,0
UgwxoOO_9syNsMY_qj94AaABAg,dQw4w9WgXcQ,to those people who checked this video after knowing that it got removed say quotayequot,0
UgwzFYxZyu6n54NPTpd4AaABAg,dQw4w9WgXcQ,antigamente fazia sentido ouvir as msicas daquele tempo e essa  uma delas amo hoje s tem  porcaria,0
UgwXXfEkiuZkxRvNWX54AaABAg,dQw4w9WgXcQ,still listening in 2024 ,0
UgwVn1GrMw_YTNDYE3V4AaABAg,dQw4w9WgXcQ,cad os brasileiros de planto,0
Ugx2dULMO24MIOUb9s14AaABAg,dQw4w9WgXcQ,i asked chat gpt for a youtube link and he gave me this lol,0
UgyhXovv8l_3bqyiNu14AaABAg,dQw4w9WgXcQ,fuckin aye i got rick rolled again,0
UgyAEl5HSiY5nDnpTbF4AaABAg,dQw4w9WgXcQ,this video has been removed ,0
UgwepVULV2xUfJXy_cZ4AaABAg,dQw4w9WgXcQ,back when music was actually good,0
UgxaoX1rZlBve26n4mt4AaABAg,dQw4w9WgXcQ,anyone this year 2024,0
UgzYkOO_dNtitMB-lrB4AaABAg,dQw4w9WgXcQ,jjsjsjsjdjdjejehejejejje3uu2i22i3646479201d,0
Ugy0-8WfAVZEl2XwPBt4AaABAg,dQw4w9WgXcQ,what a beautiful song indeed,0
UgybRM6foUa9Am1Z3414AaABAg,dQw4w9WgXcQ,,0
UgzDfNDcdRRmiAA_kDl4AaABAg,dQw4w9WgXcQ,i went quotlemme check if this is realquot and it was not true,0
UgwnFuRceJ9TtqE5esx4AaABAg,dQw4w9WgXcQ,gt,0
UgxsUuiH4xvP3Xp2Qrt4AaABAg,dQw4w9WgXcQ,rosy ne pagal bana diya rosygamerz,0
Ugyl0ZfhT_Cz4pC3xsV4AaABAg,dQw4w9WgXcQ,this isnt corn enlargements ,0
UgwQELQuIuulE0D74ft4AaABAg,dQw4w9WgXcQ,just got rickrolled in the year 2024 the world still has some good in it after all,0
UgwdJOG0ZrVmwYyByTR4AaABAg,dQw4w9WgXcQ,a href,0
Ugz1K6U8v64oyqkAj094AaABAg,dQw4w9WgXcQ,i thought this got removed the jokes on me lmao,0
Ugxz-GgdPUyKY_pSbFx4AaABAg,dQw4w9WgXcQ,as a mexican i dont like it,0
UgzqaQbzeWwIKuE5KAN4AaABAg,dQw4w9WgXcQ,f good thing he never really give up,0
UgwJluHLO4bHs0mGPRR4AaABAg,dQw4w9WgXcQ,154 billion views and 2 million comments,0
UgxBkyLce5OPKz4yvhB4AaABAg,dQw4w9WgXcQ,,0
Ugwl5noFzHDjCacUxKB4AaABAg,dQw4w9WgXcQ,you just got rick rolled ,0
UgyXNp0L57iFTRXwhOl4AaABAg,dQw4w9WgXcQ,yep despite usually being smart about it i fell for the ol39 removal news,0
UgwiSKi2uvFUiDNdI0Z4AaABAg,dQw4w9WgXcQ,i havent been rick rolled in like 5 years i was on a streak and i fell for it gt,0
Ugy91Nm1p0JOa3f7u5N4AaABAg,dQw4w9WgXcQ,bro i just got rickrolled by rick while watching unspeakable,0
UgxtZMAuXyLKTFmKsLl4AaABAg,dQw4w9WgXcQ,nooooooooo,0
Ugy7rqjCl7XaeNNNpGx4AaABAg,dQw4w9WgXcQ,so the video was taken down we all got rickrolled knowing exactly what the video was knowing exactly it was the original source and allbrbrthe rickroll of all time for sure,0
UgxhXtB9b1-I5jp7oLp4AaABAg,dQw4w9WgXcQ,this song is so cool i love it,0
UgwmR_lSM68OFEau-9h4AaABAg,dQw4w9WgXcQ,,0
UgyTL0JpfVGYsr8e0sZ4AaABAg,dQw4w9WgXcQ,i got rickrolled by a community post,0
UgwHRsRfX0_aJH7iX014AaABAg,dQw4w9WgXcQ,i scanned a code in oneiros and got this video gg,0
UgzcJmS0QK2DXpm-yGV4AaABAg,dQw4w9WgXcQ,aku kesini karna video drone yang menakjubkanbr ada yang sama,0
Ugzep2pDyTuCKMsn6oV4AaABAg,dQw4w9WgXcQ,small persentage of people who are here from pink tank,0
UgwKCWom4QQkytnc3RV4AaABAg,dQw4w9WgXcQ,caf,0
UgyRHa4VS1ZDeQSjO5N4AaABAg,dQw4w9WgXcQ,goddammit,0
UgyklyJM9d0923g_H1d4AaABAg,dQw4w9WgXcQ,what a pretty song,0
UgyxNVIP-kL9XyRxRNJ4AaABAg,dQw4w9WgXcQ,timeless,0
UgwG_ClR1Yz-0twLxEJ4AaABAg,dQw4w9WgXcQ,memezee would39ve got me if i didnt recieve a long ahh unskippable ad,0
UgzBk6EmiMaLjdPskrN4AaABAg,dQw4w9WgXcQ,whos here from the h1t1 vid,0
UgxYEZjmXlWEdqQKNQV4AaABAg,dQw4w9WgXcQ,do you think rick gets the money from this video,0
UgxXmDWPhQJFOYCTM1V4AaABAg,dQw4w9WgXcQ,    ,0
UgyLKKD6NlwUqZH2Z_x4AaABAg,dQw4w9WgXcQ,i just got rick rolled,0
Ugww0dhxWQUczazENgx4AaABAg,dQw4w9WgXcQ,a href,0
UgwIOlzeHtsOqfeQ8zd4AaABAg,dQw4w9WgXcQ,people in the 198039s wow this is a really good song i wonder what future generations will think of itbrbrpeople from 2009 to now god damn it i got rick rolled again,0
UgzImcaDH1JbpJeEhgd4AaABAg,dQw4w9WgXcQ,ushaywe yirickroll,0
Ugy2nz7aoDSlQLZkJO94AaABAg,dQw4w9WgXcQ,the youtube recommendation  rickrolled me ,0
UgznG9jmD31u9RrDIvt4AaABAg,dQw4w9WgXcQ,oh limc,0
Ugx4hLRYdgW41rUdX9R4AaABAg,dQw4w9WgXcQ,ufff temazo toca repetirlo,0
UgynwAWDqFdqk1vk2eV4AaABAg,dQw4w9WgXcQ,came here form amoungs qr code taskbr,0
Ugx6GUOh0AUfQmrkY9B4AaABAg,dQw4w9WgXcQ,probably the most elaborate rick roll ive seen,0
UgxWqcXkSnHFx5T8mZd4AaABAg,dQw4w9WgXcQ,here because of chat gpt,0
UgySgopdQqX3mNxIs_R4AaABAg,dQw4w9WgXcQ,how did i fall for that post,0
Ugx4C5g7TSbRKPu1UXB4AaABAg,dQw4w9WgXcQ,que bella la cancion,0
UgwerSRww9t31mYsH4B4AaABAg,dQw4w9WgXcQ,okay good is still here,0
UgxNb5tVI_PvEg3RVr54AaABAg,dQw4w9WgXcQ,who came from the drone video,0
UgwkJUY7qtZ1xg423o54AaABAg,dQw4w9WgXcQ,thank god rick is still rolling,0
UgyY_CzAJV2WZfZTgG94AaABAg,dQw4w9WgXcQ,a href,0
UgybM4bdjlqCE8pLujR4AaABAg,dQw4w9WgXcQ,i was scanning a qr code and got rick rolled,0
UgxYROVELci66syIOIl4AaABAg,dQw4w9WgXcQ,bro rick rolled us in 4d,0
UgyRXaLGuxNXpVWmUVd4AaABAg,dQw4w9WgXcQ,a href,0
UgwPT1t9HVVXEAIdsnp4AaABAg,dQw4w9WgXcQ,my first time listening and i wondered why it was so fast then i realized i39d left my settings on x15 speed ,0
Ugyacbftx2TfNQE0LkV4AaABAg,dQw4w9WgXcQ,a href,0
Ugw9OnyXe5VPO5YMqAh4AaABAg,dQw4w9WgXcQ,who else is here from chat gpt,0
UgzHuG3pWalbxYP5aYx4AaABAg,dQw4w9WgXcQ,just revisiting this nostalgia fueled classic of mine to enjoy the song once more and revisit my old comment from 4 years ago listening to this always takes me back to when i was 9 years old back in 2009 surfing youtube and watching a ton of bionicle lego stop motion videos,0
UgzpkBBoQ9EHzOULd1l4AaABAg,dQw4w9WgXcQ,when youtube got rickrolled once,0
Ugy3gyL8OoYGONBRfEp4AaABAg,dQw4w9WgXcQ,same,0
UgyzBGMKJ85hEp2dL3Z4AaABAg,dQw4w9WgXcQ,  ,0
UgxZ3UyMgkqQjRG2a5d4AaABAg,dQw4w9WgXcQ,quotthis video has been removed by the userquot my awell played well played,0
UgxUc764aAFXU5md6N14AaABAg,dQw4w9WgXcQ,this masterpiece is still here,0
UgxPZvStgEe2PpQcOGh4AaABAg,dQw4w9WgXcQ,after 14 years ,0
Ugz3NeWhe72rTerHU-V4AaABAg,dQw4w9WgXcQ,yo this slaps,0
Ugzfz1mmCCkke4_iNG14AaABAg,dQw4w9WgXcQ,what39s this taken down thing,0
Ugw7q95b8jV_9tUgXyF4AaABAg,dQw4w9WgXcQ,   brbrbr  2024,0
UgwYF7vNIs62utDxwnd4AaABAg,dQw4w9WgXcQ,who was sent the court link,0
UgzsFISsQunQPRldrIl4AaABAg,dQw4w9WgXcQ,just got rick rolled in 2024,0
Ugyz19h2haCVNqTpatF4AaABAg,dQw4w9WgXcQ,i got rickrolled by antimatter dimensions,0
Ugxy5PjrkgGb_4IuF-N4AaABAg,dQw4w9WgXcQ,4 years later and im listening to this banger purposely,0
UgzAlgf4iBVZMOyYSdZ4AaABAg,dQw4w9WgXcQ,man i got rickrolled by monika,0
Ugx-ZZu_tQIzj4iykzZ4AaABAg,dQw4w9WgXcQ,why is this in my recommendation,0
UgyCItYGv3CzHR0ZMoJ4AaABAg,dQw4w9WgXcQ,doe waz here 24,0
UgztltXEPU4CdDF1orB4AaABAg,dQw4w9WgXcQ,  ,0
UgyHaNgNuXJI-i0RC2t4AaABAg,dQw4w9WgXcQ,chrono trigger,0
UgzWKeYe3VsYVdYWjIl4AaABAg,dQw4w9WgXcQ,diabolical trollit39s still here,0
Ugy1byreIVjmwtV8V5l4AaABAg,dQw4w9WgXcQ,he rick rolled everybody by removing his own video ,0
Ugz-M44UqH4Sj7ZuJuF4AaABAg,dQw4w9WgXcQ,who else came through the gpt chat,0
UgxIpkze3w5xzwCVrJd4AaABAg,dQw4w9WgXcQ,                   ,0
UgwtCH6ijhfjRgS9-1V4AaABAg,dQw4w9WgXcQ,i set my phone down halfway through scrolling and this video was just barely visible my finger tapped it while i was picking my phone back upbrbri just accidentally rick rolled myself,0
UgwqwX7WPVvdE5VufPd4AaABAg,dQw4w9WgXcQ,i just rickrolled myself,0
UgyuUMYd3C-UKMPuoMd4AaABAg,dQw4w9WgXcQ,  ,0
UgyGHRwSZe0_TsWPsLl4AaABAg,dQw4w9WgXcQ,new scp scp rick roll,0
Ugyh7ZUe8i5hODZBrit4AaABAg,dQw4w9WgXcQ,it is actually insane how when you got to popular its from 200m to 15b views this is an extremely popular song and fun fact  i accidentally rickrolled myself watching this,0
Ugws1gsTUCOcd74leN94AaABAg,dQw4w9WgXcQ,i clicked on a free robux link and rick roll popped up ,0
Ugz77NEooIHiNp2Z8FZ4AaABAg,dQw4w9WgXcQ,    ,0
UgzNIgh7NDy9tUm8H494AaABAg,dQw4w9WgXcQ,lejhand bhai dekhrhe ho to reply do ,0
UgwMgq4ogDzccgo2tLZ4AaABAg,dQw4w9WgXcQ,with the ads in the begining you can39t actually rick roll someone nowdays shh unsubbed,0
UgxM1gibdlZVGU16eJR4AaABAg,dQw4w9WgXcQ,you stupid ansjsshsssjsbs,0
UgyMyXih9N8jwCd7csJ4AaABAg,dQw4w9WgXcQ,ive been saved by the ad,0
UgyBvivZI8mKo_noLjh4AaABAg,dQw4w9WgXcQ,noch jemand hier wegen hurenampshne,0
UgzKpn0F1U4e-nChaYd4AaABAg,dQw4w9WgXcQ,back then i wanted to send this to my first crush to do the usual drill but she didn39t know about the injoke so she39d think i just sent her a romantic song for some reason and maybe say yesbrbrgood times,0
Ugw15336zgvAXq_eLEp4AaABAg,dQw4w9WgXcQ,anyone here from the drone guy,0
UgxtaAZWDePHzMeatp94AaABAg,dQw4w9WgXcQ,g,0
Ugy9VO4ArbrjXKcMFAt4AaABAg,dQw4w9WgXcQ,came back years later to only to only get rick rolled again ,0
UgwzJ0mXff8oQwasGet4AaABAg,dQw4w9WgXcQ,jaja rickroleadooo,0
UgxPhbRCJlwWV1AE48F4AaABAg,dQw4w9WgXcQ,youtube fell for the classic rickroll trick and got mad,0
Ugx5q-wV3ih3i4Hed1x4AaABAg,dQw4w9WgXcQ,who was also saved by adds,0
UgxN2qu2AlL2cNWajU94AaABAg,dQw4w9WgXcQ,what ,0
UgznYJK-68v5ENQ-xy94AaABAg,dQw4w9WgXcQ,and he will never let you down,0
UgwfKJs3zFPBJks097d4AaABAg,dQw4w9WgXcQ,was really worried it was deleted but at least it39s still here haha one of the best rick rolls ever,0
Ugx-xkKsprp09I2Sffl4AaABAg,dQw4w9WgXcQ,algum pelo amor de deus me explica o que  um rickroll,0
UgwD_C9RCEjbWvkfaV94AaABAg,dQw4w9WgXcQ,rick astley  never gonna give you up music video removed from youtubebrbrme what brbchecks youtubebbrphew brthat was close    waiit a minute,0
Ugw_LCFTG4uWjl328Zl4AaABAg,dQw4w9WgXcQ,zksync,0
Ugz7hv5b04_mbVRDPyZ4AaABAg,dQw4w9WgXcQ,here again because i thought the music video got taken down ,0
UgzvNoq8B8olpUmbsrZ4AaABAg,dQw4w9WgXcQ,postal 3 dude looks different here ,0
Ugw04Ju2Z56sILC8oSl4AaABAg,dQw4w9WgXcQ,who else thinks this song slaps,0
UgzlDwwG-zyjAKaJwtN4AaABAg,dQw4w9WgXcQ,vim pelo chat gpt,0
UgzPT6LfxQVlclVPcH94AaABAg,dQw4w9WgXcQ,rick roll or not this is such a fantastic song the 80s was fire,0
UgyMtMIkwxQ1OxFZRjV4AaABAg,dQw4w9WgXcQ,yup i deserved this,0
UgxLOaRVimcu2aaTaqR4AaABAg,dQw4w9WgXcQ,thank you rholup mods yes i clicked on verification badge,0
Ugwmi5WoDdUk9nPIjft4AaABAg,dQw4w9WgXcQ,top de mais show bora para cima,0
UgwSMK1lt9kqfzNUmxB4AaABAg,dQw4w9WgXcQ,who in 2024 is watching this,0
UgybOWZ6033s3NvQ-7l4AaABAg,dQw4w9WgXcQ,youve been rickrolled,0
UgyiCfZrxjG4mlGzQ_h4AaABAg,dQw4w9WgXcQ,bruh briglh,0
UgwfEKg2kBotlrasVUV4AaABAg,dQw4w9WgXcQ,quotthis video has been removedquotbrbme getting rick rolled againb,0
Ugxmn9XRurQjXOU8AFF4AaABAg,dQw4w9WgXcQ,i cant believe they got us again,0
Ugz1r1nfsp5FDaxvT6R4AaABAg,dQw4w9WgXcQ,what a banger share this with all of your friends,0
UgwbqYF6kyEnCKKt_il4AaABAg,dQw4w9WgXcQ,i just needed the brawl stars source code,0
UgwrEWbRqEV0ODGn2y94AaABAg,dQw4w9WgXcQ,2014 he vuelto a ser rickroleado v,0
Ugx1OgJzsyY8TmNBajd4AaABAg,dQw4w9WgXcQ,never gonna give you upbrnever gonna let you downbrand turn around to desert you,0
UgybAnjFA01Fv0NF6mZ4AaABAg,dQw4w9WgXcQ,a href,0
UgxzxeJG0KlKIGmpzY14AaABAg,dQw4w9WgXcQ,i got rick rolled by life tf is this f the removal meme ,0
Ugz4WBx2PiWLkLZTSdZ4AaABAg,dQw4w9WgXcQ,soft,0
UgxdXNx4xIJVVETqvSB4AaABAg,dQw4w9WgXcQ,get rickrolled lol ,0
Ugzi1C5h9aiUQVNcaeB4AaABAg,dQw4w9WgXcQ,whos here because kz ,0
UgyxIwnzBr_l9hOCcWZ4AaABAg,dQw4w9WgXcQ,algum br,0
UgwGitfIdunauA0ZiTJ4AaABAg,dQw4w9WgXcQ,how am i watching this 14 years later,0
UgyCD2AXMOtkRH8U0Rp4AaABAg,dQw4w9WgXcQ,those who came here because of that stupid post in social media  fellas we got rick rolled by that bastard ,0
UgyqVgBpkBqXlevEti94AaABAg,dQw4w9WgXcQ,nothing wrong with wittingly getting rick rolled,0
Ugx73kDOImiOzJ1plVx4AaABAg,dQw4w9WgXcQ,who is here from krilfils yes or no free robux hack,0
UgzyubqknTdfekiVoOB4AaABAg,dQw4w9WgXcQ,i asket chatgpt for a youtube link and he send it to me,0
Ugwzq9wslT01epKRga94AaABAg,dQw4w9WgXcQ,i39ve been rick rolled again someone says on facebook that youtube took down this video but it39s not fk,0
UgwEhWpQM40ivvDvD814AaABAg,dQw4w9WgXcQ,how to get rickrolled by telling everyone that the rickroll video has been removed by the user only to watch it again to make sure and get rickrolled ,0
Ugximua4mde38rhXYNt4AaABAg,dQw4w9WgXcQ,quem veio aqui por causa do cahtgpt,0
UgxmxL3otBTGfyzYQTx4AaABAg,dQw4w9WgXcQ,vote reformuk  nigel farage will never gonna give you up go team reformuk,0
UgwwC9J_Hc7RSmDHPrJ4AaABAg,dQw4w9WgXcQ,nooooooooooo content from 2020 why are you doing this to me i tought it was over why bring me here,0
Ugxj-YKJDMn0vhftWdF4AaABAg,dQw4w9WgXcQ,a href,0
Ugy2anVrWh75c133cWh4AaABAg,dQw4w9WgXcQ,but it so sad how i cant rick roll them anymore bc the app is broken bc it shows the cover page so pls change the cover page pls pls pls pls so i can rick roll my friends,0
UgzLbAT-k-R9fZ_qP754AaABAg,dQw4w9WgXcQ,song name,0
Ugzc-P5yuztJbrne3d14AaABAg,dQw4w9WgXcQ,411m,0
UgySwewlmXP5UbACuLN4AaABAg,dQw4w9WgXcQ,rickroll,0
UgwBBwuhLtJGQx_ZQUl4AaABAg,dQw4w9WgXcQ, and once again i have fallen on it 2024,0
UgywJFzZv8Hj50t_mz94AaABAg,dQw4w9WgXcQ,who39s from 2024 18 june,0
Ugzr2AXdH77Gq0IGVzh4AaABAg,dQw4w9WgXcQ,2024 and im getting rick rolled by a meme,0
UgwAbt0LSTxwJRxDvgV4AaABAg,dQw4w9WgXcQ,a href,0
UgzsCYYvdpP0nB0jBip4AaABAg,dQw4w9WgXcQ,oh sweet rick astley bchecks videob fuck ,0
UgwTJCAQeRtEnEaUbux4AaABAg,dQw4w9WgXcQ,whos here in june 2024,0
UgwntJjR-mUDT1r-rFZ4AaABAg,dQw4w9WgXcQ,a good chunk of the people on this planet have seen this crazy,0
UgxAxIoyS0aUMsvWRwN4AaABAg,dQw4w9WgXcQ,a href,0
Ugxo7xEeTlZvPEOP4fN4AaABAg,dQw4w9WgXcQ,this takes the cake the guy that posted that this video is down gets the accolade for most rickrolls ever,0
UgyHTyU7JUQoHy98sjl4AaABAg,dQw4w9WgXcQ,so it39s not taken downbrbrgood to know,0
UgzqWAjZY7YlDoK5ZHd4AaABAg,dQw4w9WgXcQ,i heard this on the restaurant,0
UgyS4-9DloIeGfGxB214AaABAg,dQw4w9WgXcQ,this is a nice music,0
Ugza23Fr-g1a8rMgCz14AaABAg,dQw4w9WgXcQ,a href,0
Ugz5G2SiXK0Z3o9LxT94AaABAg,dQw4w9WgXcQ,bcameb from from cornhub,0
UgzRL4sRkwy9mPUdrgx4AaABAg,dQw4w9WgXcQ,i was not deceived by the quotthis video has been taken downquot meme but i wanted to ensure it was over 1 billion views like i remember not 600mil from the post so was i actually rickrolledor was i doing research or  is it a case of quotporque no los dosquot,0
UgxiHfhxE-S4vjZ3PgN4AaABAg,dQw4w9WgXcQ,from jktamil,0
UgyGFv-ArFxk39Df_Ex4AaABAg,dQw4w9WgXcQ,ive been rickrolled by an instagram post saying this video had been removed genius move,0
UgxAtbNGd2JAYC7VnyR4AaABAg,dQw4w9WgXcQ,in the year of your lord 2024 i39m still getting rick roll by a viral post,0
UgzJ2-Vym_xcKMrvKwR4AaABAg,dQw4w9WgXcQ,fastapi brought me here,0
UgytllusBwr1pGHpPw54AaABAg,dQw4w9WgXcQ,rickrolled myself just to confirm that the video is still here  after seeing that viral post,0
UgxBz1rAAspXkcR4IJN4AaABAg,dQw4w9WgXcQ,anyone in 2024,0
UgwXdF_KJ3htr6vAF3l4AaABAg,dQw4w9WgXcQ,yall i fell for it ,0
UgxK2Lmz3L71CONQe-Z4AaABAg,dQw4w9WgXcQ,anyone here because of jl anderson music,0
UgxfIutETJBYtfTZq_d4AaABAg,dQw4w9WgXcQ,i left the auto play on by accident and the first video it sends is this,0
UgyUqwu1fI_0gnYBDwt4AaABAg,dQw4w9WgXcQ,,0
UgxAU6NSJpsVd_FVK2l4AaABAg,dQw4w9WgXcQ,yo,0
UgwCdkWzkZG-33m7yTt4AaABAg,dQw4w9WgXcQ,damn i feel for it and my guess is so did you ,0
UgxMAqI0jyqRiUbYyA54AaABAg,dQw4w9WgXcQ,im one of the few people who actually enjoys this song and actually enjoys getting rickrolled,0
UgwBfQGjAMnMUQKIAC14AaABAg,dQw4w9WgXcQ,i from tf 2,0
UgyHJOGl4svJlOSyLr54AaABAg,dQw4w9WgXcQ,the legend was born dang,0
UgwrVpxwnPYeoWl43l54AaABAg,dQw4w9WgXcQ,,0
Ugxdsr6V4rxAmRO9g454AaABAg,dQw4w9WgXcQ,forza vinyl sticker brought me here,0
Ugxd3WEZfFkvO3UXivB4AaABAg,dQw4w9WgXcQ,who came from surrealart idk how to spell her name im not begging just reply,0
UgyKJ_V1TnqnHTkqnP54AaABAg,dQw4w9WgXcQ,did i just got rock rolled for looking for this video after the fake new of this gettin39 down of youtube ,0
